sgg_code,sido,name,forest_area_ha,conifer_area_ha,growing_stock_m3,climate_station,summer_temp,heat_days,annual_precip
11140,서울,중구,151.0,8.0,21807.0,서울,25.8,19,1598.8
11170,서울,용산구,180.0,42.0,28579.0,서울,25.8,19,1598.8
11260,서울,중랑구,521.0,119.0,88477.0,서울,25.8,19,1598.8
11290,서울,성북구,928.0,174.0,134891.0,서울,25.8,19,1598.8
26140,부산,서구,678.0,276.0,122678.0,부산,25.3,9,2191.4
26170,부산,동구,276.0,171.0,51327.0,부산,25.3,9,2191.4
26200,부산,영도구,403.0,261.0,74410.0,부산,25.3,9,2191.4
26230,부산,부산진구,1040.0,474.0,181700.0,부산,25.3,9,2191.4
26260,부산,동래구,460.0,291.0,81181.0,부산,25.3,9,2191.4
26290,부산,남구,910.0,513.0,157865.0,부산,25.3,9,2191.4
26320,부산,북구,2285.0,950.0,428708.0,부산,25.3,9,2191.4
26350,부산,해운대구,2866.0,1811.0,528777.0,부산,25.3,9,2191.4
26380,부산,사하구,1371.0,589.0,236784.0,부산,25.3,9,2191.4
26410,부산,금정구,4120.0,1915.0,729162.0,부산,25.3,9,2191.4
26440,부산,강서구,4229.0,1982.0,762085.0,부산,25.3,9,2191.4
26470,부산,연제구,301.0,125.0,54352.0,부산,25.3,9,2191.4
26500,부산,수영구,244.0,108.0,44562.0,부산,25.3,9,2191.4
26530,부산,사상구,1248.0,578.0,225871.0,부산,25.3,9,2191.4
26710,부산,기장군,14482.0,5854.0,2586497.0,부산,25.3,9,2191.4
27140,대구,동구,11385.0,5365.0,2070555.0,대구,26.1,27,1321.8
27170,대구,서구,206.0,44.0,32019.0,대구,26.1,27,1321.8
27200,대구,남구,678.0,280.0,122877.0,대구,26.1,27,1321.8
27230,대구,북구,4602.0,2480.0,821050.0,대구,26.1,27,1321.8
27260,대구,수성구,3771.0,1180.0,682360.0,대구,26.1,27,1321.8
27290,대구,달서구,2119.0,932.0,381216.0,대구,26.1,27,1321.8
27710,대구,달성군,25577.0,11548.0,4635744.0,대구,26.1,27,1321.8
27720,대구,군위군,,,,대구,26.1,27,1321.8
29110,광주,동구,3461.0,977.0,512610.0,광주,25.7,20,2116.1
29140,광주,서구,791.0,308.0,109326.0,광주,25.7,20,2116.1
29155,광주,남구,1795.0,790.0,262792.0,광주,25.7,20,2116.1
29170,광주,북구,5398.0,2229.0,802662.0,광주,25.7,20,2116.1
29200,광주,광산구,7499.0,3631.0,1118848.0,광주,25.7,20,2116.1
30200,대전,유성구,9631.0,3516.0,1618233.0,대전,25.5,25,2042.5
31110,울산,중구,1422.0,926.0,246740.0,울산,24.9,6,1642.9
31140,울산,남구,1757.0,479.0,222405.0,울산,24.9,6,1642.9
31170,울산,동구,1872.0,955.0,323589.0,울산,24.9,6,1642.9
31200,울산,북구,11094.0,3884.0,1823301.0,울산,24.9,6,1642.9
31710,울산,울주군,51856.0,18667.0,8785791.0,울산,24.9,6,1642.9
36110,세종,세종시,24849.0,6704.0,3839903.0,세종,25.2,20,2103.3
41131,경기,성남시 수정구,6881.0,884.0,1125952.0,수원,25.0,15,1409.4
41133,경기,성남시 중원구,6881.0,884.0,1125952.0,수원,25.0,15,1409.4
41135,경기,성남시 분당구,6881.0,884.0,1125952.0,수원,25.0,15,1409.4
41150,경기,의정부시,4690.0,833.0,684348.0,수원,25.0,15,1409.4
41220,경기,평택시,7762.0,2834.0,1240706.0,수원,25.0,15,1409.4
41250,경기,동두천시,6289.0,880.0,1043783.0,동두천,24.4,12,1412.7
41290,경기,과천시,2327.0,367.0,392645.0,수원,25.0,15,1409.4
41360,경기,남양주시,30822.0,6619.0,4991286.0,수원,25.0,15,1409.4
41430,경기,의왕시,3392.0,403.0,542683.0,수원,25.0,15,1409.4
41450,경기,하남시,4810.0,446.0,818226.0,수원,25.0,15,1409.4
41461,경기,용인시 처인구,29908.0,7587.0,4320007.0,수원,25.0,15,1409.4
41463,경기,용인시 기흥구,29908.0,7587.0,4320007.0,수원,25.0,15,1409.4
41465,경기,용인시 수지구,29908.0,7587.0,4320007.0,수원,25.0,15,1409.4
41480,경기,파주시,26947.0,5529.0,4263750.0,파주,24.0,4,1438.0
41500,경기,이천시,16460.0,3957.0,2579755.0,이천,25.1,22,1633.4
41550,경기,안성시,23711.0,7088.0,3675838.0,수원,25.0,15,1409.4
41590,경기,화성시,17350.0,4778.0,2543081.0,수원,25.0,15,1409.4
41610,경기,광주시,28194.0,4958.0,4523483.0,광주,25.7,20,2116.1
41630,경기,양주시,15972.0,3110.0,2372660.0,수원,25.0,15,1409.4
41650,경기,포천시,53199.0,13068.0,8379097.0,수원,25.0,15,1409.4
41670,경기,여주시,28420.0,8320.0,4319044.0,수원,25.0,15,1409.4
41800,경기,연천군,36954.0,5840.0,5907316.0,수원,25.0,15,1409.4
41820,경기,가평군,68332.0,19487.0,11259069.0,수원,25.0,15,1409.4
41830,경기,양평군,61340.0,20022.0,9864674.0,양평,24.9,18,1538.4
43111,충북,청주시 상당구,47302.0,13929.0,6975773.0,청주,26.6,28,1805.6
43113,충북,청주시 흥덕구,47302.0,13929.0,6975773.0,청주,26.6,28,1805.6
43114,충북,청주시 청원구,47302.0,13929.0,6975773.0,청주,26.6,28,1805.6
43130,충북,충주시,61131.0,15098.0,9779291.0,충주,25.1,22,1661.6
43150,충북,제천시,64368.0,21803.0,10558248.0,제천,23.7,6,1765.7
43730,충북,옥천군,34431.0,8299.0,5245924.0,청주,26.6,28,1805.6
43740,충북,영동군,63872.0,17459.0,9897933.0,청주,26.6,28,1805.6
43745,충북,증평군,4065.0,1230.0,628505.0,청주,26.6,28,1805.6
43750,충북,진천군,23527.0,6574.0,3628440.0,청주,26.6,28,1805.6
43800,충북,단양군,62543.0,20985.0,10581025.0,청주,26.6,28,1805.6
44131,충남,천안시 동남구,32298.0,7118.0,4752844.0,천안,24.8,17,1502.5
44133,충남,천안시 서북구,32298.0,7118.0,4752844.0,천안,24.8,17,1502.5
44150,충남,공주시,60332.0,15928.0,8601961.0,홍성,25.1,15,1584.8
44180,충남,보령시,33552.0,14825.0,4892086.0,보령,24.8,10,1726.7
44200,충남,아산시,18450.0,5312.0,2851612.0,홍성,25.1,15,1584.8
44210,충남,서산시,29744.0,15351.0,4587617.0,서산,24.9,16,1529.7
44230,충남,논산시,22554.0,7394.0,3328197.0,홍성,25.1,15,1584.8
44270,충남,당진시,21841.0,10303.0,3143957.0,홍성,25.1,15,1584.8
44710,충남,금산군,40599.0,11461.0,5986949.0,금산,24.8,16,1800.9
44760,충남,부여군,31692.0,10790.0,4519411.0,부여,25.3,20,2165.0
44770,충남,서천군,14841.0,7800.0,2037788.0,홍성,25.1,15,1584.8
44790,충남,청양군,30466.0,11769.0,4290466.0,홍성,25.1,15,1584.8
44800,충남,홍성군,18834.0,10187.0,2757787.0,홍성,25.1,15,1584.8
44810,충남,예산군,23225.0,9664.0,3668930.0,홍성,25.1,15,1584.8
44825,충남,태안군,21708.0,15057.0,3151818.0,홍성,25.1,15,1584.8
45111,전북,전주시 완산구,6109.0,2042.0,963773.0,전주,25.8,21,1986.6
45113,전북,전주시 덕진구,6109.0,2042.0,963773.0,전주,25.8,21,1986.6
45130,전북,군산시,7996.0,3693.0,1172476.0,군산,25.0,12,2120.8
45140,전북,익산시,11850.0,5903.0,1952839.0,전주,25.8,21,1986.6
45180,전북,정읍시,32142.0,15891.0,5381061.0,정읍,25.3,18,1937.7
45190,전북,남원시,46604.0,25130.0,8351068.0,남원,25.4,22,1805.7
45210,전북,김제시,9045.0,5027.0,1558413.0,전주,25.8,21,1986.6
45710,전북,완주군,58592.0,13729.0,9201399.0,전주,25.8,21,1986.6
45730,전북,무주군,51547.0,13660.0,8382152.0,전주,25.8,21,1986.6
45740,전북,장수군,39963.0,12818.0,6335978.0,장수,23.5,6,2168.1
45750,전북,임실군,41239.0,15781.0,6532302.0,임실,24.3,10,1984.4
45770,전북,순창군,32812.0,13260.0,5208195.0,순창군,25.1,27,2097.3
45790,전북,고창군,22864.0,13568.0,3755916.0,고창,25.0,17,1232.0
45800,전북,부안군,20577.0,8670.0,3388223.0,부안,25.2,16,1853.6
46110,전남,목포시,1111.0,467.0,130406.0,목포,25.2,9,1577.9
46130,전남,여수시,30328.0,12544.0,3696475.0,여수,25.0,3,1935.4
46150,전남,순천시,62162.0,28310.0,8089188.0,순천,24.2,9,2139.5
46170,전남,나주시,22512.0,10267.0,3118375.0,목포,25.2,9,1577.9
46230,전남,광양시,30104.0,8929.0,4086783.0,광양시,25.6,15,2274.6
46710,전남,담양군,27447.0,10151.0,3643967.0,목포,25.2,9,1577.9
46720,전남,곡성군,38337.0,19147.0,5229229.0,목포,25.2,9,1577.9
46730,전남,구례군,34747.0,10236.0,4742714.0,목포,25.2,9,1577.9
46770,전남,고흥군,45852.0,20808.0,6396722.0,고흥,24.2,5,1702.0
46780,전남,보성군,40872.0,17834.0,5345573.0,보성군,25.5,12,2015.6
46790,전남,화순군,55851.0,22558.0,7569761.0,목포,25.2,9,1577.9
46800,전남,장흥군,39928.0,17097.0,4795181.0,장흥,25.1,10,1985.1
46810,전남,강진군,28678.0,12220.0,3844303.0,강진군,25.6,18,1933.3
46820,전남,해남군,44278.0,22590.0,4785914.0,해남,25.3,13,1619.3
46830,전남,영암군,22250.0,7762.0,2843594.0,목포,25.2,9,1577.9
46840,전남,무안군,12951.0,6394.0,1752249.0,목포,25.2,9,1577.9
46860,전남,함평군,16742.0,7703.0,2290971.0,목포,25.2,9,1577.9
46870,전남,영광군,20505.0,10207.0,2910817.0,영광군,25.1,16,1496.1
46880,전남,장성군,31321.0,13919.0,4523321.0,목포,25.2,9,1577.9
46910,전남,신안군,30538.0,17297.0,2721316.0,목포,25.2,9,1577.9
47111,경북,포항시 남구,74813.0,22526.0,12613125.0,포항,25.6,22,1112.2
47113,경북,포항시 북구,74813.0,22526.0,12613125.0,포항,25.6,22,1112.2
47130,경북,경주시,88736.0,34837.0,15053758.0,경주시,25.5,28,1146.5
47150,경북,김천시,69509.0,17280.0,11506337.0,안동,25.0,18,1518.7
47170,경북,안동시,106206.0,56189.0,17996838.0,안동,25.0,18,1518.7
47190,경북,구미시,34070.0,14639.0,5657035.0,구미,25.6,25,1772.6
47210,경북,영주시,40733.0,18493.0,6987638.0,영주,23.8,9,2216.1
47230,경북,영천시,61985.0,26046.0,10229399.0,영천,24.9,17,1296.0
47250,경북,상주시,82049.0,28309.0,13946958.0,상주,25.4,24,1670.6
47280,경북,문경시,68387.0,19809.0,11555346.0,문경,24.5,14,1942.7
47290,경북,경산시,23009.0,9022.0,3998624.0,안동,25.0,18,1518.7
47730,경북,군위군,46178.0,21164.0,7840175.0,안동,25.0,18,1518.7
47750,경북,의성군,78777.0,40477.0,13068432.0,의성,25.1,31,1575.4
47760,경북,청송군,66472.0,26442.0,11622220.0,청송군,24.1,25,1482.2
47770,경북,영양군,65697.0,29428.0,11432334.0,안동,25.0,18,1518.7
47820,경북,영덕군,59391.0,23601.0,10279453.0,영덕,24.0,7,1228.7
47830,경북,청도군,50476.0,21392.0,8843497.0,안동,25.0,18,1518.7
47840,경북,고령군,24203.0,12317.0,4076708.0,안동,25.0,18,1518.7
47850,경북,성주군,40450.0,14732.0,6937912.0,안동,25.0,18,1518.7
47900,경북,칠곡군,29009.0,9685.0,4674015.0,안동,25.0,18,1518.7
47920,경북,예천군,35339.0,13918.0,5525090.0,안동,25.0,18,1518.7
47930,경북,봉화군,97933.0,49755.0,17044910.0,봉화,22.8,1,1828.7
48121,경남,창원시 의창구,42385.0,18351.0,7676543.0,창원,25.4,17,2161.1
48123,경남,창원시 성산구,42385.0,18351.0,7676543.0,창원,25.4,17,2161.1
48125,경남,창원시 마산합포구,42385.0,18351.0,7676543.0,창원,25.4,17,2161.1
48127,경남,창원시 마산회원구,42385.0,18351.0,7676543.0,창원,25.4,17,2161.1
48129,경남,창원시 진해구,42385.0,18351.0,7676543.0,창원,25.4,17,2161.1
48170,경남,진주시,42051.0,22452.0,7501736.0,진주,25.2,15,2304.8
48220,경남,통영시,15236.0,9161.0,2813693.0,통영,24.8,7,2134.3
48240,경남,사천시,22834.0,12050.0,3784272.0,창원,25.4,17,2161.1
48250,경남,김해시,23640.0,8886.0,4211516.0,김해시,25.6,19,1879.6
48270,경남,밀양시,51109.0,22127.0,9339264.0,밀양,26.0,28,1874.0
48310,경남,거제시,28320.0,13567.0,4948346.0,거제,24.9,10,2585.5
48330,경남,양산시,35918.0,8513.0,6281534.0,양산시,26.3,32,2172.0
48720,경남,의령군,32920.0,16357.0,6029626.0,의령군,26.0,33,1939.9
48730,경남,함안군,21282.0,10476.0,3854858.0,창원,25.4,17,2161.1
48740,경남,창녕군,28901.0,17491.0,5063345.0,창원,25.4,17,2161.1
48820,경남,고성군,33941.0,18133.0,6213913.0,창원,25.4,17,2161.1
48840,경남,남해군,23763.0,11714.0,4219142.0,남해,25.0,9,2699.2
48850,경남,하동군,48540.0,18854.0,8640485.0,창원,25.4,17,2161.1
48860,경남,산청군,60891.0,22905.0,10520038.0,산청,25.0,16,1938.2
48870,경남,함양군,54985.0,20054.0,9648148.0,함양군,25.2,27,1701.0
48880,경남,거창군,60810.0,26864.0,10858528.0,거창,24.3,14,1625.4
48890,경남,합천군,71284.0,35407.0,12844459.0,합천,25.4,19,1771.4
50110,제주,제주시,44499.0,12010.0,6627715.0,제주,26.7,22,1444.9
50130,제주,서귀포시,42835.0,9593.0,6431492.0,서귀포,25.6,3,2220.7
51110,강원,춘천시,79716.0,25622.0,14797987.0,춘천,24.8,22,1389.8
51130,강원,원주시,60704.0,16221.0,10871186.0,원주,25.2,16,1391.7
51150,강원,강릉시,82654.0,31028.0,15470324.0,강릉,25.6,21,1568.3
51170,강원,동해시,13635.0,5219.0,2577921.0,동해,23.7,8,1356.8
51230,강원,삼척시,102169.0,45218.0,18361775.0,춘천,24.8,22,1389.8
51720,강원,홍천군,148328.0,52656.0,28004884.0,홍천,24.5,24,1392.4
51730,강원,횡성군,72054.0,27423.0,12987960.0,춘천,24.8,22,1389.8
51760,강원,평창군,119088.0,38149.0,22320799.0,춘천,24.8,22,1389.8
51770,강원,정선군,99786.0,36104.0,18735888.0,정선군,23.9,30,1399.7
51780,강원,철원군,63894.0,13680.0,9637271.0,철원,24.1,9,1467.2
51790,강원,화천군,79641.0,15104.0,14582232.0,춘천,24.8,22,1389.8
51800,강원,양구군,57704.0,19117.0,10555132.0,춘천,24.8,22,1389.8
51810,강원,인제군,158948.0,41965.0,29236603.0,인제,24.1,19,1225.6
51830,강원,양양군,52027.0,15443.0,9800404.0,춘천,24.8,22,1389.8
